Episode,Ep start ts,Feedback ts,Human Reward,Environment Reward
1,22:37:53.256659,22:37:56.706421,2,-1.0
1,22:37:53.256659,22:38:00.181680,2,-1.0
