Episode,Ep start ts,Feedback ts,Human Reward,Environment Reward
1,15:58:11.403762,15:58:13.900936,1,-1.0
1,15:58:11.403762,15:58:20.515062,1,-1.0
